{ "totalLength" : 0.8,"children":[{"length":2.4292301012069917,"id":3,"vid": "/home/salathiel/heatmap/baseTeste/videos-transcoded/00016.mp4","qtd":1,"imgs": "00016/0001.jpg:00016/0140.jpg:00016/0279.jpg:00016/0418.jpg:00016/0557.jpg:00016/0696.jpg:00016/0835.jpg:00016/0974.jpg:00016/1113.jpg:00016/1252.jpg","key":2, "totalt":1394},{"length":2.4292301012069917,"id":4,"vid": "/home/salathiel/heatmap/baseTeste/videos-transcoded/00035.mp4","qtd":2,"imgs": "00035/001.jpg:00035/034.jpg:00035/067.jpg:00035/100.jpg:00035/133.jpg:00035/166.jpg:00035/199.jpg:00035/232.jpg:00035/265.jpg:00035/298.jpg","children":[{"length":2.078554054246214,"id":6,"vid": "/home/salathiel/heatmap/baseTeste/videos-transcoded/00035.mp4","qtd":1,"imgs": "00035/001.jpg:00035/034.jpg:00035/067.jpg:00035/100.jpg:00035/133.jpg:00035/166.jpg:00035/199.jpg:00035/232.jpg:00035/265.jpg:00035/298.jpg","key":0, "totalt":337},{"length":2.078554054246214,"id":5,"vid": "/home/salathiel/heatmap/baseTeste/videos-transcoded/00006.mp4","qtd":1,"imgs": "00006/001.jpg:00006/048.jpg:00006/095.jpg:00006/142.jpg:00006/189.jpg:00006/236.jpg:00006/283.jpg:00006/330.jpg:00006/377.jpg:00006/424.jpg","key":1, "totalt":473}]}]}